"","id","name","latitude","longitude","n"
"1",519,"Pershing Square North",40.751873,-73.977706,7295
"2",426,"West St & Chambers St",40.71754834,-74.01322069,5846
"3",402,"Broadway & E 22 St",40.7403432,-73.98955109,5748
"4",497,"E 17 St & Broadway",40.73704984,-73.99009296,5711
"5",514,"12 Ave & W 40 St",40.76087502,-74.00277668,5671
"6",3255,"8 Ave & W 31 St",40.75058535,-73.99468482,5395
"7",168,"W 18 St & 6 Ave",40.73971301,-73.99456405,5265
"8",499,"Broadway & W 60 St",40.76915505,-73.98191841,5128
"9",492,"W 33 St & 7 Ave",40.75019995,-73.99093085,4975
"10",358,"Christopher St & Greenwich St",40.73291553,-74.00711384,4973
"11",285,"Broadway & E 14 St",40.73454567,-73.99074142,4912
"12",3002,"South End Ave & Liberty St",40.711512,-74.015756,4608
"13",459,"W 20 St & 11 Ave",40.746745,-74.007756,4525
"14",293,"Lafayette St & E 8 St",40.73020661,-73.99102628,4192
"15",368,"Carmine St & 6 Ave",40.73038599,-74.00214988,4116
"16",490,"8 Ave & W 33 St",40.751551,-73.993934,4056
"17",379,"W 31 St & 7 Ave",40.749156,-73.9916,4018
"18",486,"Broadway & W 29 St",40.7462009,-73.98855723,4009
"19",504,"1 Ave & E 16 St",40.73221853,-73.98165557,3998
"20",477,"W 41 St & 8 Ave",40.75640548,-73.9900262,3957
"21",462,"W 22 St & 10 Ave",40.74691959,-74.00451887,3904
"22",523,"W 38 St & 8 Ave",40.75466591,-73.99138152,3789
"23",491,"E 24 St & Park Ave S",40.74096374,-73.98602213,3777
"24",3711,"E 13 St & Avenue A",40.72966729,-73.98067966,3759
"25",151,"Cleveland Pl & Spring St",40.72210379,-73.99724901,3746
"26",466,"W 25 St & 6 Ave",40.74395411,-73.99144871,3738
"27",382,"University Pl & E 14 St",40.73492695,-73.99200509,3732
"28",405,"Washington St & Gansevoort St",40.739323,-74.008119,3731
"29",284,"Greenwich Ave & 8 Ave",40.73901691,-74.00263761,3696
"30",453,"W 22 St & 8 Ave",40.74475148,-73.99915362,3671
"31",3263,"Cooper Square & Astor Pl",40.72951496,-73.9907527,3671
"32",3641,"Broadway & W 25 St",40.74286877,-73.98918629,3669
"33",334,"W 20 St & 7 Ave",40.74238787,-73.99726235,3654
"34",2006,"Central Park S & 6 Ave",40.76590936,-73.97634151,3591
"35",3435,"Grand St & Elizabeth St",40.718822,-73.99596,3543
"36",359,"E 47 St & Park Ave",40.75510267,-73.97498696,3498
"37",482,"W 15 St & 7 Ave",40.73935542,-73.99931783,3469
"38",327,"Vesey Pl & River Terrace",40.7153379,-74.01658354,3468
"39",458,"11 Ave & W 27 St",40.751396,-74.005226,3446
"40",3664,"North Moore St & Greenwich St",40.72019521,-74.01030064,3433
"41",2008,"Little West St & 1 Pl",40.70569254,-74.01677685,3393
"42",229,"Great Jones St",40.72743423,-73.99379025,3377
"43",3256,"Pier 40 - Hudson River Park",40.72771408,-74.01129574,3340
"44",438,"St Marks Pl & 1 Ave",40.72779126,-73.98564945,3331
"45",445,"E 10 St & Avenue A",40.72740794,-73.98142006,3312
"46",128,"MacDougal St & Prince St",40.72710258,-74.00297088,3304
"47",472,"E 32 St & Park Ave",40.7457121,-73.98194829,3269
"48",432,"E 7 St & Avenue A",40.72621788,-73.98379855,3258
"49",446,"W 24 St & 7 Ave",40.74487634,-73.99529885,3223
"50",525,"W 34 St & 11 Ave",40.75594159,-74.0021163,3154
"51",362,"Broadway & W 37 St",40.75172632,-73.98753523,3153
"52",469,"Broadway & W 53 St",40.76344058,-73.98268129,3106
"53",3443,"W 52 St & 6 Ave",40.76132983,-73.97982001,3103
"54",3686,"Gansevoort St & Hudson St",40.7394482,-74.00507033,3098
"55",465,"Broadway & W 41 St",40.75513557,-73.98658032,3093
"56",347,"Greenwich St & W Houston St",40.728846,-74.008591,3071
"57",496,"E 16 St & 5 Ave",40.73726186,-73.99238967,3069
"58",3427,"Lafayette St & Jersey St",40.72430527,-73.99600983,3042
"59",173,"Broadway & W 49 St",40.76068327,-73.98452729,3020
"60",307,"Canal St & Rutgers St",40.71427487,-73.98990025,2980
"61",127,"Barrow St & Hudson St",40.73172428,-74.00674436,2944
"62",380,"W 4 St & 7 Ave S",40.73401143,-74.00293877,2937
"63",312,"Allen St & Stanton St",40.722055,-73.989111,2923
"64",494,"W 26 St & 8 Ave",40.74734825,-73.99723551,2921
"65",501,"FDR Drive & E 35 St",40.744219,-73.97121214,2914
"66",442,"W 27 St & 7 Ave",40.746647,-73.993915,2894
"67",2003,"1 Ave & E 18 St",40.73381219,-73.98054421,2866
"68",3724,"7 Ave & Central Park South",40.76674056,-73.97906899,2855
"69",3141,"1 Ave & E 68 St",40.76500525,-73.95818491,2846
"70",474,"5 Ave & E 29 St",40.7451677,-73.98683077,2840
"71",518,"E 39 St & 2 Ave",40.74780373,-73.9734419,2838
"72",461,"E 20 St & 2 Ave",40.73587678,-73.98205027,2836
"73",212,"W 16 St & The High Line",40.74334935,-74.00681753,2825
"74",3164,"Columbus Ave & W 72 St",40.7770575,-73.97898475,2825
"75",281,"Grand Army Plaza & Central Park S",40.7643971,-73.97371465,2812
"76",116,"W 17 St & 8 Ave",40.74177603,-74.00149746,2810
"77",479,"9 Ave & W 45 St",40.76019252,-73.9912551,2807
"78",3707,"Lexington Ave & E 26 St",40.741459,-73.983293,2798
"79",297,"E 15 St & 3 Ave",40.734232,-73.986923,2791
"80",545,"E 23 St & 1 Ave",40.736502,-73.97809472,2784
"81",3687,"E 33 St & 1 Ave",40.74322681,-73.97449784,2777
"82",3165,"Central Park West & W 72 St",40.77579377,-73.97620574,2765
"83",507,"E 25 St & 2 Ave",40.73912601,-73.97973776,2751
"84",530,"11 Ave & W 59 St",40.77149671,-73.99046034,2744
"85",326,"E 11 St & 1 Ave",40.72953837,-73.98426726,2739
"86",223,"W 13 St & 7 Ave",40.73781509,-73.99994661,2730
"87",3258,"W 27 St & 10 Ave",40.75018156,-74.00218427,2708
"88",3233,"E 48 St & 5 Ave",40.75724568,-73.97805914,2685
"89",3260,"Mercer St & Bleecker St",40.72706363,-73.99662137,2683
"90",3163,"Central Park West & W 68 St",40.7734066,-73.97782542,2648
"91",447,"8 Ave & W 52 St",40.76370739,-73.9851615,2636
"92",470,"W 20 St & 8 Ave",40.74345335,-74.00004031,2629
"93",439,"E 4 St & 2 Ave",40.7262807,-73.98978041,2626
"94",478,"11 Ave & W 41 St",40.76030096,-73.99884222,2626
"95",528,"2 Ave & E 31 St",40.74290902,-73.97706058,2611
"96",388,"W 26 St & 10 Ave",40.74971775,-74.00295035,2607
"97",531,"Forsyth St & Broome St",40.71893904,-73.99266288,2594
"98",301,"E 2 St & Avenue B",40.72217444,-73.98368779,2593
"99",315,"South St & Gouverneur Ln",40.70355377,-74.00670227,2579
"100",3656,"E 2 St & Avenue A",40.72307749,-73.98583621,2579
"101",487,"E 20 St & FDR Drive",40.73314259,-73.97573881,2574
"102",251,"Mott St & Prince St",40.72317958,-73.99480012,2562
"103",236,"St Marks Pl & 2 Ave",40.7284186,-73.98713956,2558
"104",377,"6 Ave & Canal St",40.72243797,-74.00566443,2548
"105",503,"E 20 St & Park Ave",40.73827428,-73.98751968,2544
"106",476,"E 31 St & 3 Ave",40.74394314,-73.97966069,2536
"107",350,"Clinton St & Grand St",40.71559509,-73.9870295,2521
"108",401,"Allen St & Rivington St",40.72019576,-73.98997825,2503
"109",520,"W 52 St & 5 Ave",40.75992262,-73.97648516,2486
"110",403,"E 2 St & 2 Ave",40.72502876,-73.99069656,2411
"111",167,"E 39 St & 3 Ave",40.7489006,-73.97604882,2407
"112",3140,"1 Ave & E 78 St",40.77140426,-73.9535166,2407
"113",303,"Mercer St & Spring St",40.72362738,-73.99949601,2405
"114",515,"W 43 St & 10 Ave",40.76009437,-73.99461843,2401
"115",3467,"W Broadway & Spring Street",40.72494672,-74.00165856,2392
"116",317,"E 6 St & Avenue B",40.72453734,-73.98185424,2377
"117",3167,"Amsterdam Ave & W 73 St",40.77966809,-73.98093045,2373
"118",361,"Allen St & Hester St",40.71605866,-73.99190759,2358
"119",3746,"6 Ave & Broome St",40.72430832,-74.00473036,2342
"120",3282,"5 Ave & E 88 St",40.78307,-73.95939,2336
"121",517,"Pershing Square South",40.751581,-73.97791,2328
"122",3708,"W 13 St & 5 Ave",40.735445,-73.99431,2321
"123",529,"W 42 St & 8 Ave",40.7575699,-73.99098507,2319
"124",394,"E 9 St & Avenue C",40.72521311,-73.97768752,2296
"125",450,"W 49 St & 8 Ave",40.76227205,-73.98788205,2286
"126",383,"Greenwich Ave & Charles St",40.735238,-74.000271,2283
"127",2021,"W 45 St & 8 Ave",40.75929124,-73.98859651,2262
"128",495,"W 47 St & 10 Ave",40.76269882,-73.99301222,2252
"129",254,"W 11 St & 6 Ave",40.73532427,-73.99800419,2251
"130",161,"LaGuardia Pl & W 3 St",40.72917025,-73.99810231,2213
"131",336,"Sullivan St & Washington Sq",40.73047747,-73.99906065,2213
"132",3142,"1 Ave & E 62 St",40.7612274,-73.96094022,2211
"133",3472,"W 15 St & 10 Ave",40.74275383,-74.00747359,2210
"134",305,"E 58 St & 3 Ave",40.76095756,-73.96724467,2198
"135",237,"E 11 St & 2 Ave",40.73047309,-73.98672378,2196
"136",304,"Broadway & Battery Pl",40.70463334,-74.01361706,2177
"137",257,"Lispenard St & Broadway",40.71939226,-74.00247214,2167
"138",508,"W 46 St & 11 Ave",40.76341379,-73.99667444,2167
"139",72,"W 52 St & 11 Ave",40.76727216,-73.99392888,2161
"140",328,"Watts St & Greenwich St",40.72405549,-74.00965965,2153
"141",265,"Stanton St & Chrystie St",40.72229346,-73.99147535,2121
"142",483,"E 12 St & 3 Ave",40.73223272,-73.98889957,2109
"143",448,"W 37 St & 10 Ave",40.75660359,-73.9979009,2107
"144",546,"E 30 St & Park Ave S",40.74444921,-73.98303529,2105
"145",3718,"E 11 St & Avenue B",40.72746421,-73.97950418,2091
"146",3158,"W 63 St & Broadway",40.77163851,-73.98261428,2087
"147",524,"W 43 St & 6 Ave",40.75527307,-73.98316936,2086
"148",3236,"W 42 St & Dyer Ave",40.75898481,-73.99379969,2081
"149",485,"W 37 St & 5 Ave",40.75038009,-73.98338988,2080
"150",346,"Bank St & Hudson St",40.73652889,-74.00618026,2071
"151",268,"Howard St & Centre St",40.71910537,-73.99973337,2070
"152",311,"Norfolk St & Broome St",40.7172274,-73.98802084,2058
"153",3461,"Murray St & Greenwich St",40.71485151,-74.01122332,2058
"154",319,"Fulton St & Broadway",40.711066,-74.009447,2045
"155",533,"Broadway & W 38 St",40.75299641,-73.98721619,2038
"156",3295,"Central Park W & W 96 St",40.79127,-73.964839,1988
"157",325,"E 19 St & 3 Ave",40.73624527,-73.98473765,1983
"158",238,"Bank St & Washington St",40.7361967,-74.00859207,1980
"159",540,"Lexington Ave & E 29 St",40.74311555,-73.98215353,1980
"160",3235,"E 41 St & Madison Ave",40.75216528,-73.97992194,1965
"161",441,"E 52 St & 2 Ave",40.756014,-73.967416,1945
"162",410,"Suffolk St & Stanton St",40.72066442,-73.98517977,1940
"163",247,"Perry St & Bleecker St",40.73535398,-74.00483091,1933
"164",536,"1 Ave & E 30 St",40.74144387,-73.97536082,1926
"165",195,"Liberty St & Broadway",40.70905623,-74.01043382,1924
"166",3259,"9 Ave & W 28 St",40.74937024,-73.99923384,1919
"167",480,"W 53 St & 10 Ave",40.76669671,-73.99061728,1903
"168",2012,"E 27 St & 1 Ave",40.739445,-73.976806,1902
"169",3159,"W 67 St & Broadway",40.77492513,-73.98266566,1901
"170",3463,"E 16 St & Irving Pl",40.73536706,-73.98797393,1893
"171",252,"MacDougal St & Washington Sq",40.73226398,-73.99852205,1882
"172",3137,"5 Ave & E 73 St",40.77282817,-73.96685276,1858
"173",417,"Barclay St & Church St",40.71291224,-74.01020234,1834
"174",387,"Centre St & Chambers St",40.71273266,-74.0046073,1820
"175",3244,"University Pl & E 8 St",40.73143724,-73.99490342,1819
"176",493,"W 45 St & 6 Ave",40.7568001,-73.98291153,1806
"177",2023,"E 55 St & Lexington Ave",40.75968085,-73.97031366,1798
"178",412,"Forsyth St & Canal St",40.7158155,-73.99422366,1793
"179",174,"E 25 St & 1 Ave",40.7381765,-73.97738662,1788
"180",279,"Peck Slip & Front St",40.707873,-74.00167,1780
"181",280,"E 10 St & 5 Ave",40.73331967,-73.99510132,1753
"182",309,"Murray St & West St",40.7149787,-74.013012,1739
"183",484,"W 44 St & 5 Ave",40.75500254,-73.98014437,1733
"184",3132,"E 59 St & Madison Ave",40.76350532,-73.97109243,1714
"185",3788,"E 12 St & 4 Av",40.73269,-73.98974,1713
"186",3168,"Central Park West & W 85 St",40.78472675,-73.96961715,1705
"187",3112,"Milton St & Franklin St",40.72906,-73.95779,1700
"188",423,"W 54 St & 9 Ave",40.76584941,-73.98690506,1689
"189",440,"E 45 St & 3 Ave",40.75255434,-73.97282625,1683
"190",3173,"Riverside Blvd & W 67 St",40.77750703,-73.98888588,1679
"191",455,"1 Ave & E 44 St",40.75001986,-73.96905301,1671
"192",422,"W 59 St & 10 Ave",40.770513,-73.988038,1666
"193",502,"Henry St & Grand St",40.714215,-73.981346,1650
"194",355,"Bayard St & Baxter St",40.71602118,-73.99974372,1649
"195",150,"E 2 St & Avenue C",40.7208736,-73.98085795,1648
"196",500,"Broadway & W 51 St",40.76228826,-73.98336183,1647
"197",3166,"Riverside Dr & W 72 St",40.78057799,-73.98562431,1643
"198",3175,"W 70 St & Amsterdam Ave",40.77748046,-73.98288594,1643
"199",3459,"E 53 St & 3 Ave",40.75763228,-73.96930575,1626
"200",456,"E 53 St & Madison Ave",40.7597108,-73.97402311,1625
"201",473,"Rivington St & Chrystie St",40.72110063,-73.9919254,1595
"202",3737,"Stanton St & Norfolk St",40.720747,-73.986274,1594
"203",335,"Washington Pl & Broadway",40.72903917,-73.99404649,1589
"204",164,"E 47 St & 2 Ave",40.75323098,-73.97032517,1585
"205",3374,"Central Park North & Adam Clayton Powell Blvd",40.799484,-73.955613,1577
"206",146,"Hudson St & Reade St",40.71625008,-74.0091059,1575
"207",3156,"E 72 St & York Ave",40.76663814,-73.95348296,1570
"208",3697,"W 64 St & Thelonious Monk Circle",40.77515953,-73.98918696,1548
"209",349,"Rivington St & Ridge St",40.71850211,-73.98329859,1534
"210",3360,"Amsterdam Ave & W 79 St",40.7829391,-73.9786517,1524
"211",296,"Division St & Bowery",40.71413089,-73.9970468,1522
"212",3301,"Columbus Ave & W 95 St",40.7919557,-73.968087,1512
"213",3680,"E 43 St & 5 Ave",40.75412081,-73.98025185,1497
"214",3747,"E 84 St & 3 Ave",40.77755374,-73.9551276,1493
"215",411,"E 6 St & Avenue D",40.72228087,-73.97668709,1487
"216",3171,"Amsterdam Ave & W 82 St",40.78524672,-73.97667321,1482
"217",3314,"W 95 St & Broadway",40.7937704,-73.971888,1455
"218",513,"W 56 St & 10 Ave",40.768254,-73.988639,1453
"219",434,"9 Ave & W 18 St",40.74317449,-74.00366443,1437
"220",3733,"Avenue C & E 18 St",40.730563,-73.973984,1434
"221",3701,"Cliff St & Fulton St (Old)",40.70831794,-74.00504082,1416
"222",3712,"W 35 St & Dyer Ave",40.75469175,-73.99740189,1406
"223",369,"Washington Pl & 6 Ave",40.73224119,-74.00026394,1402
"224",79,"Franklin St & W Broadway",40.71911552,-74.00666661,1389
"225",393,"E 5 St & Avenue C",40.72299208,-73.97995466,1379
"226",427,"Bus Slip & State St",40.701907,-74.013942,1370
"227",3372,"E 74 St & 1 Ave",40.7689738,-73.95482273,1364
"228",351,"Front St & Maiden Ln",40.70530954,-74.00612572,1360
"229",3160,"Central Park West & W 76 St",40.77896784,-73.97374737,1357
"230",295,"Pike St & E Broadway",40.71406667,-73.99293911,1347
"231",3521,"Lenox Ave & W 111 St",40.7987859,-73.9523,1330
"232",3170,"W 84 St & Columbus Ave",40.78499979,-73.97283406,1327
"233",522,"E 51 St & Lexington Ave",40.75714758,-73.97207836,1320
"234",3749,"Lexington Ave & E 36 St",40.74757396,-73.97880077,1319
"235",3226,"W 82 St & Central Park West",40.78275,-73.97137,1318
"236",3318,"2 Ave & E 96 St",40.7839636,-73.9471673,1298
"237",3143,"5 Ave & E 78 St",40.77632142,-73.96427393,1292
"238",337,"Old Slip & Front St",40.7037992,-74.00838676,1281
"239",228,"E 48 St & 3 Ave",40.7546011,-73.97187886,1271
"240",320,"Leonard St & Church St",40.717571,-74.005549,1270
"241",3725,"2 Ave & E 72 St",40.76876203,-73.95840794,1267
"242",259,"South St & Whitehall St",40.70122128,-74.01234218,1261
"243",316,"Fulton St & William St",40.70955958,-74.00653609,1258
"244",3507,"Park Ave & E 124 St",40.8045555,-73.9396861,1249
"245",3699,"W 50 St & 9 Ave",40.76360468,-73.98917958,1240
"246",454,"E 51 St & 1 Ave",40.75455731,-73.96592976,1226
"247",3161,"W 76 St & Columbus Ave",40.78018397,-73.97728533,1226
"248",3148,"E 84 St & 1 Ave",40.77565541,-73.95068615,1213
"249",3177,"W 84 St & Broadway",40.7867947,-73.977112,1209
"250",3283,"W 89 St & Columbus Ave",40.7882213,-73.97041561,1207
"251",415,"Pearl St & Hanover Square",40.7047177,-74.00926027,1200
"252",332,"Cherry St",40.71219906,-73.97948148,1193
"253",302,"Avenue D & E 3 St",40.72082834,-73.97793172,1188
"254",3350,"W 100 St & Broadway",40.7973721,-73.97041192,1176
"255",330,"Reade St & Broadway",40.71450451,-74.00562789,1144
"256",264,"Maiden Ln & Pearl St",40.70706456,-74.00731853,1139
"257",3734,"E 58 St &  1 Ave (NW Corner)",40.759125,-73.962658,1137
"258",3155,"Lexington Ave & E 63 St",40.76440023,-73.96648977,1132
"259",3658,"W 18 St & 9 Ave",40.74353373,-74.00367558,1121
"260",3362,"Madison Ave & E 82 St",40.7781314,-73.96069399,1114
"261",331,"Pike St & Monroe St",40.71173107,-73.99193043,1102
"262",2009,"Catherine St & Monroe St",40.71117444,-73.99682619,1098
"263",3305,"E 91 St & 2 Ave",40.7811223,-73.94965589,1096
"264",3367,"5 Ave & E 103 St",40.7922553,-73.95249933,1094
"265",3320,"Central Park West & W 100 St",40.79406661,-73.96286845,1087
"266",3169,"Riverside Dr & W 82 St",40.78720869,-73.98128127,1061
"267",2017,"E 43 St & 2 Ave",40.75022392,-73.97121414,1051
"268",3288,"E 88 St & 1 Ave",40.778301,-73.9488134,1044
"269",3139,"E 72 St & Park Ave",40.77118288,-73.96409422,1042
"270",266,"Avenue D & E 8 St",40.72368361,-73.97574813,1039
"271",360,"William St & Pine St",40.70717936,-74.00887308,1033
"272",534,"Water - Whitehall Plaza",40.70255065,-74.0127234,1031
"273",3178,"Riverside Dr & W 78 St",40.78414472,-73.98362492,1025
"274",3351,"E 102 St & 1 Ave",40.7869946,-73.94164802,1021
"275",3690,"Park Pl & Church St",40.71334184,-74.00935516,1020
"276",3162,"W 78 St & Broadway",40.78339981,-73.98093133,1017
"277",342,"Columbia St & Rivington St",40.71739973,-73.98016555,1014
"278",340,"Madison St & Clinton St",40.71269042,-73.98776323,1001
"279",3674,"Jay St & York St",40.70140317,-73.9867267,999
"280",3151,"E 81 St & York Ave",40.7728384,-73.94989233,997
"281",386,"Centre St & Worth St",40.71494807,-74.00234482,995
"282",3286,"E 89 St & 3 Ave",40.7806284,-73.9521667,992
"283",3323,"W 106 St & Central Park West",40.7981856,-73.9605909,991
"284",224,"Spruce St & Nassau St",40.71146364,-74.00552427,981
"285",3113,"Greenpoint Ave & Manhattan Ave",40.73026,-73.95394,978
"286",516,"E 47 St & 1 Ave",40.75206862,-73.96784384,969
"287",3671,"E 81 St & 2 Ave",40.77477945,-73.95427465,961
"288",276,"Duane St & Greenwich St",40.71748752,-74.0104554,958
"289",3534,"Frederick Douglass Blvd & W 117 St",40.805159,-73.954692,946
"290",3331,"Riverside Dr & W 104 St",40.8013434,-73.97114574,943
"291",376,"John St & William St",40.70862144,-74.00722156,942
"292",308,"St James Pl & Oliver St",40.71307916,-73.99851193,937
"293",3134,"3 Ave & E 62 St",40.76312584,-73.96526895,935
"294",3553,"Frederick Douglass Blvd & W 112 St",40.801694,-73.957145,924
"295",3307,"West End Ave & W 94 St",40.7941654,-73.974124,921
"296",3547,"Broadway & Moylan Pl",40.8143256,-73.9590255,913
"297",291,"Madison St & Montgomery St",40.713126,-73.984844,904
"298",3118,"McGuinness Blvd & Eagle St",40.73555,-73.95284,899
"299",3116,"Huron St & Franklin St",40.73266,-73.95826,877
"300",526,"E 33 St & 5 Ave",40.74765947,-73.98490707,876
"301",3437,"Riverside Dr & W 91 St",40.79313481,-73.97700369,875
"302",408,"Market St & Cherry St",40.71076228,-73.99400398,864
"303",3115,"India St & Manhattan Ave",40.73232194,-73.9550858,861
"304",249,"Harrison St & Hudson St",40.71870987,-74.0090009,860
"305",3378,"E 76 St & Park Ave",40.773763,-73.96222088,848
"306",3356,"Amsterdam Ave & W 66 St",40.7746671,-73.98470567,847
"307",3172,"W 74 St & Columbus Ave",40.7785669,-73.97754961,844
"308",3383,"Cathedral Pkwy & Broadway",40.804213,-73.96699104,842
"309",339,"Avenue D & E 12 St",40.72580614,-73.97422494,839
"310",3285,"W 87 St & Amsterdam Ave",40.78839,-73.9747,835
"311",3497,"Pleasant Ave & E 116 St",40.7949879,-73.9333349,829
"312",3376,"E 65 St & 2 Ave",40.76471852,-73.9622207,826
"313",341,"Stanton St & Mangin St",40.71782143,-73.97628939,823
"314",3336,"E 97 St & Madison Ave",40.787801,-73.953559,816
"315",3434,"W 88 St & West End Ave",40.79025417,-73.9771834,816
"316",3400,"E 110 St & Madison Ave",40.7961535,-73.94782145,814
"317",356,"Bialystoker Pl & Delancey St",40.71622644,-73.98261206,813
"318",3328,"W 100 St & Manhattan Ave",40.795,-73.9645,805
"319",2000,"Front St & Washington St",40.70255088,-73.98940236,803
"320",3290,"E 89 St & York Ave",40.7779453,-73.946041,787
"321",3154,"E 77 St & 3 Ave",40.77314236,-73.95856158,785
"322",3145,"E 84 St & Park Ave",40.77862688,-73.95772073,783
"323",3508,"St Nicholas Ave & Manhattan Ave",40.809725,-73.953149,773
"324",3293,"W 92 St & Broadway",40.7921,-73.9739,761
"325",3135,"E 75 St & 3 Ave",40.77112927,-73.95772297,756
"326",282,"Kent Ave & S 11 St",40.70764494,-73.96841526,745
"327",3312,"1 Ave & E 94 St",40.7817212,-73.94594,742
"328",217,"Old Fulton St",40.70277159,-73.99383605,732
"329",3292,"5 Ave & E 93 St",40.7857851,-73.957481,726
"330",3518,"Lenox Ave & W 126 St",40.808442,-73.9452087,720
"331",3294,"E 91 St & Park Ave",40.7835016,-73.955327,709
"332",260,"Broad St & Bridge St",40.70365182,-74.01167797,702
"333",3117,"Franklin St & Dupont St",40.73564,-73.95866,695
"334",3628,"Lenox Ave & W 117 St",40.8025566,-73.9490782,694
"335",3369,"E 82 St & East End Ave",40.7724607,-73.9468208,690
"336",3136,"5 Ave & E 63 St",40.766368,-73.971518,686
"337",3538,"W 110 St & Amsterdam Ave",40.802692,-73.96295,673
"338",3357,"W 106 St & Amsterdam Ave",40.8008363,-73.96644925,662
"339",82,"St James Pl & Pearl St",40.71117416,-74.00016545,648
"340",3370,"E 78 St & 2 Ave",40.7727966,-73.95577801,641
"341",385,"E 55 St & 2 Ave",40.75797322,-73.96603308,630
"342",3529,"Lenox Ave & W 130 St",40.8107922,-73.9430681,630
"343",3223,"E 55 St & 3 Ave",40.75899656,-73.96865398,629
"344",3150,"E 85 St & York Ave",40.77536905,-73.94803392,627
"345",3496,"1 Ave & E 110 St",40.7923272,-73.9383,624
"346",3131,"E 68 St & 3 Ave",40.7671284,-73.96224618,620
"347",3366,"West End Ave & W 107 St",40.8021174,-73.96818053,618
"348",3243,"E 58 St & 1 Ave (NE Corner)",40.75892386,-73.96226227,613
"349",3630,"Frederick Douglass Blvd & W 115 St",40.8038654,-73.9559308,608
"350",3146,"E 81 St & 3 Ave",40.77573034,-73.9567526,604
"351",3533,"St. Nicholas Ave & W 126 St",40.8114323,-73.9518776,599
"352",3345,"Madison Ave & E 99 St",40.78948542,-73.95242929,596
"353",3379,"E 103 St & Lexington Ave",40.7903051,-73.94755757,593
"354",248,"Laight St & Hudson St",40.72185379,-74.00771779,589
"355",3296,"E 93 St & 2 Ave",40.78245418,-73.94891962,586
"356",3289,"W 90 St & Amsterdam Ave",40.79017948,-73.97288918,585
"357",3284,"E 88 St & Park Ave",40.7814107,-73.95595908,569
"358",3469,"India St & West St",40.73181402,-73.95995021,568
"359",3355,"E 66 St & Madison Ave",40.76800889,-73.96845281,547
"360",3375,"3 Ave & E 72 St",40.7699426,-73.96060712,545
"361",3660,"W 16 St & 8 Ave",40.74102151,-74.00138497,534
"362",3425,"2 Ave & E 104 St",40.7892105,-73.94370784,519
"363",3502,"Lexington Ave & E 111 St",40.7954121,-73.9441232,515
"364",3359,"E 68 St & Madison Ave",40.7691572,-73.96703464,509
"365",3157,"East End Ave & E 86 St",40.77518615,-73.94446054,508
"366",2022,"E 60 St & York Ave",40.759107,-73.959223,507
"367",3689,"W 104 St & Amsterdam Ave",40.79904139,-73.9664948,496
"368",3675,"3 Ave & E 95 St",40.7845968,-73.94968539,483
"369",3341,"Central Park West & W 102 St",40.795346,-73.96186,475
"370",3231,"E 67 St & Park Ave",40.7678008,-73.96592081,471
"371",414,"Pearl St & Anchorage Pl",40.70281858,-73.98765762,456
"372",3552,"W 113 St & Broadway",40.805973,-73.964928,451
"373",3343,"W 107 St & Columbus Ave",40.7997568,-73.96211287,450
"374",3509,"Lenox Ave & W 115 St",40.8011939,-73.9500739,444
"375",3536,"W 116 St & Broadway",40.8082,-73.9641,444
"376",3390,"E 109 St & 3 Ave",40.79329668,-73.9432083,435
"377",3535,"Mt Morris Park W & W 120 St",40.804038,-73.945925,411
"378",3494,"E 115 St & Lexington Ave",40.797911,-73.9423,400
"379",3510,"Adam Clayton Powell Blvd & W 123 St",40.8078316,-73.949373,399
"380",3338,"2 Ave & E 99 St",40.7862586,-73.94552579,398
"381",3541,"Amsterdam Ave & W 125 St",40.813358,-73.956461,390
"382",418,"Front St & Gold St",40.70224,-73.982578,386
"383",3491,"E 118 St & 1 Ave",40.79747,-73.93504,379
"384",3629,"Adam Clayton Powell Blvd & W 126 St",40.80949535,-73.94776493,374
"385",3387,"E 106 St & Madison Ave",40.7934337,-73.94945003,369
"386",400,"Pitt St & Stanton St",40.71926081,-73.98178024,366
"387",3623,"W 120 St & Claremont Ave",40.8109494,-73.9634,366
"388",3504,"E 123 St & Lexington Ave",40.8029263,-73.9379,365
"389",3540,"Morningside Ave & W 123 St",40.81,-73.9551508,364
"390",3391,"E 106 St & 1 Ave",40.7892529,-73.93956237,362
"391",3363,"E 102 St & Park Ave",40.7904828,-73.95033068,361
"392",3495,"E 114 St & 1 Ave",40.7945663,-73.9362541,360
"393",3531,"Frederick Douglass Blvd & W 129 St",40.8125511,-73.9492286,346
"394",3152,"3 Ave & E 71 St",40.76873687,-73.96119945,345
"395",3424,"E 106 St & Lexington Ave",40.791976,-73.945993,343
"396",3144,"E 81 St & Park Ave",40.77677702,-73.9590097,331
"397",3493,"E 118 St & 3 Ave",40.799139,-73.9389152,323
"398",3520,"Adam Clayton Powell Blvd & W 118 St",40.804372,-73.951475,320
"399",3500,"E 115 St & Madison Ave",40.7989445,-73.944846,315
"400",3490,"E 116 St & 2 Ave",40.796879,-73.937261,306
"401",363,"West Thames St",40.70834698,-74.01713445,300
"402",3539,"W 116 St & Amsterdam Ave",40.8067581,-73.9607082,287
"403",3499,"2 Ave & E 122 St",40.8006721,-73.9349,285
"404",3498,"Pleasant Ave & E 120 St",40.7974772,-73.9311847,283
"405",3622,"E 128 St & Madison Ave",40.80756,-73.939182,283
"406",3542,"Amsterdam Ave & W 119 St",40.8086249,-73.9596214,280
"407",3309,"E 97 St & 3 Ave",40.7859201,-73.94860294,277
"408",3501,"E 118 St & Madison Ave",40.8014866,-73.9442507,272
"409",3790,"Henry St & Middagh St",40.7003,-73.991581,269
"410",3649,"W 129 St & Convent Ave",40.81439444,-73.95324737,264
"411",3505,"Lexington Ave & E 127 St",40.805726,-73.936322,261
"412",3506,"Lexington Ave & E 120 St",40.8013066,-73.9398167,258
"413",3527,"5 Ave & E 126 St",40.80698,-73.941747,258
"414",3511,"Adam Clayton Powell Blvd & W 115 St",40.802535,-73.9532423,257
"415",3545,"Broadway & W 122 St",40.8120562,-73.9612547,248
"416",3503,"Madison Ave & E 120 St",40.80295,-73.942954,214
"417",3327,"3 Ave & E 100 St",40.7877214,-73.94728331,210
"418",3441,"10 Hudson Yards",40.752957,-74.00264,210
"419",3299,"E 98 St & Park Ave",40.78813,-73.95206,188
"420",3492,"E 118 St & Park Ave",40.8005385,-73.9419949,184
"421",3302,"Columbus Ave & W 103 St",40.7969347,-73.96434123,180
"422",3551,"3 Ave & E 112 St",40.795508,-73.941606,172
"423",216,"Columbia Heights & Cranberry St",40.70037867,-73.99548059,134
"424",3543,"Morningside Dr & Amsterdam Ave",40.81028506,-73.95736456,129
"425",3709,"W 15 St & 6 Ave",40.73804614,-73.99642959,105
"426",3783,"Cliff St & Fulton St",40.70838,-74.00495,83
"427",2005,"Railroad Ave & Kay Ave",40.70531194,-73.97100056,38
"428",3245,"NYCBS DEPOT - DELANCEY",40.71644423,-73.98233056,1
